Bookie Pair,Profit %
"['MelBet', 'Suprabets']",5.68%
"['MelBet', 'MostBet']",4.61%
"['MelBet', 'MostBet']",3.60%
"['MostBet', 'MelBet']",3.55%
"['MelBet', 'PS3838']",3.53%
"['MelBet', 'SboBet']",3.09%
"['MelBet', 'SboBet']",2.91%
"['MostBet', 'SboBet']",2.86%
"['MostBet', 'MelBet']",2.76%
"['EveryGame (Intertops)', 'SboBet']",2.72%
"['Suprabets', 'SboBet']",2.45%
"['MelBet', 'Smarkets']",2.17%
"['MostBet', 'MelBet']",2.11%
"['MostBet', 'MelBet']",2.08%
"['MelBet', 'PS3838']",2.02%
"['MostBet', 'SboBet']",1.93%
"['SboBet', 'MelBet']",1.92%
"['MelBet', 'SboBet']",1.88%
"['MelBet', 'Suprabets']",1.79%
"['Suprabets', 'MelBet']",1.74%
"['EveryGame (Intertops)', 'SboBet']",1.66%
"['EveryGame (Intertops)', 'SboBet']",1.66%
"['Matchbook', 'MelBet']",1.66%
"['MelBet', 'BetFair']",1.56%
